{"inputUnits":[34],"outputUnits":4,"inputs":{"0":{"dtype":"number","min":154.04384679961623,"max":473.40324654681405},"1":{"dtype":"number","min":101.90722013774669,"max":243.55205364859358},"2":{"dtype":"number","min":173.4177629199409,"max":488.4814560204221},"3":{"dtype":"number","min":84.3797162448221,"max":228.11378583108706},"4":{"dtype":"number","min":135.62167251319215,"max":454.91136190254554},"5":{"dtype":"number","min":90.3363614147402,"max":230.349903961836},"6":{"dtype":"number","min":200.15249657584445,"max":516.6068113152279},"7":{"dtype":"number","min":102.74832504302205,"max":250.2022744340506},"8":{"dtype":"number","min":111.9532285099141,"max":434.4740836755109},"9":{"dtype":"number","min":112.55111664591709,"max":252.7599746674357},"10":{"dtype":"number","min":248.3688229566429,"max":570.5335769504599},"11":{"dtype":"number","min":203.92136601676714,"max":364.1685084292763},"12":{"dtype":"number","min":78.75760901973493,"max":388.5575774492111},"13":{"dtype":"number","min":187.07000316002677,"max":349.8353835434941},"14":{"dtype":"number","min":384.4646342316566,"max":602.2244563112017},"15":{"dtype":"number","min":235.76249209993296,"max":529.2456709060519},"16":{"dtype":"number","min":43.438560381735044,"max":302.3052749485068},"17":{"dtype":"number","min":216.33181536639177,"max":526.1908042268213},"18":{"dtype":"number","min":373.43532450715,"max":624.9712052075719},"19":{"dtype":"number","min":199.63631765651888,"max":526.6115172982912},"20":{"dtype":"number","min":47.74826258014284,"max":275.4962562724628},"21":{"dtype":"number","min":136.7956376401072,"max":520.4875911839059},"22":{"dtype":"number","min":260.2864004808095,"max":565.0823219105979},"23":{"dtype":"number","min":460.08604871366913,"max":554.798915335077},"24":{"dtype":"number","min":100.05804325869673,"max":428.1795973155001},"25":{"dtype":"number","min":401.58055117720517,"max":556.1372619390952},"26":{"dtype":"number","min":253.62380773235714,"max":556.228665654887},"27":{"dtype":"number","min":521.5746998926352,"max":568.9359930384228},"28":{"dtype":"number","min":114.4211053383513,"max":442.65394422743054},"29":{"dtype":"number","min":439.25075122022724,"max":553.8519881993939},"30":{"dtype":"number","min":254.82807746872334,"max":559.1009319223623},"31":{"dtype":"number","min":552.8573423984222,"max":558.6807211193657},"32":{"dtype":"number","min":115.35674097012823,"max":459.762799595764},"33":{"dtype":"number","min":473.5937220404255,"max":557.7588540536385}},"outputs":{"0":{"dtype":"string","min":0,"max":1,"uniqueValues":["d","g","h","b"],"legend":{"d":[1,0,0,0],"g":[0,1,0,0],"h":[0,0,1,0],"b":[0,0,0,1]}}},"isNormalized":true}