{"inputUnits":[34],"outputUnits":6,"inputs":{"0":{"dtype":"number","min":288.0586668018244,"max":312.8727261132432},"1":{"dtype":"number","min":124.81172557927479,"max":135.87037560535452},"2":{"dtype":"number","min":298.68131931297495,"max":321.8105024668673},"3":{"dtype":"number","min":116.69680589820905,"max":125.96583613642937},"4":{"dtype":"number","min":281.61846733465063,"max":304.80053223132154},"5":{"dtype":"number","min":116.18615877326235,"max":127.0117776435718},"6":{"dtype":"number","min":310.10656940542,"max":331.8044740554185},"7":{"dtype":"number","min":127.76202285498903,"max":135.0737270184195},"8":{"dtype":"number","min":275.97173352455303,"max":293.7224526805022},"9":{"dtype":"number","min":125.25280333401864,"max":139.8873431408382},"10":{"dtype":"number","min":326.2421142102217,"max":351.1066685131883},"11":{"dtype":"number","min":176.75990887320296,"max":186.14749008684362},"12":{"dtype":"number","min":254.35053596719663,"max":280.0941245690656},"13":{"dtype":"number","min":162.26257234986065,"max":184.65424476311222},"14":{"dtype":"number","min":357.5310013679965,"max":414.31516651056893},"15":{"dtype":"number","min":122.49822486446149,"max":250.47002543250488},"16":{"dtype":"number","min":194.10990040204678,"max":254.35182032296996},"17":{"dtype":"number","min":110.47300699393884,"max":196.62712885390016},"18":{"dtype":"number","min":283.747772752193,"max":375.0620696605065},"19":{"dtype":"number","min":65.96415082846002,"max":281.5231687608983},"20":{"dtype":"number","min":130.7649067363776,"max":293.07246098509074},"21":{"dtype":"number","min":42.738571315713315,"max":199.40445551398204},"22":{"dtype":"number","min":312.54489891245584,"max":344.4864456741898},"23":{"dtype":"number","min":298.60060098807946,"max":316.1448145935177},"24":{"dtype":"number","min":259.7275554366976,"max":296.4519639043083},"25":{"dtype":"number","min":293.92252128259014,"max":310.72447838141903},"26":{"dtype":"number","min":318.070177074529,"max":390.11179189700596},"27":{"dtype":"number","min":373.8401767663788,"max":453.32287645247015},"28":{"dtype":"number","min":236.30897536844768,"max":290.742387976098},"29":{"dtype":"number","min":423.39663143046414,"max":460.149541412413},"30":{"dtype":"number","min":301.93163390280444,"max":394.828854685406},"31":{"dtype":"number","min":436.1567414341382,"max":553.0151010256761},"32":{"dtype":"number","min":214.72729896709004,"max":303.2795596355118},"33":{"dtype":"number","min":491.2593670523422,"max":555.2017658077485}},"outputs":{"0":{"dtype":"string","min":0,"max":1,"uniqueValues":["1","2","3","4","5","6"],"legend":{"1":[1,0,0,0,0,0],"2":[0,1,0,0,0,0],"3":[0,0,1,0,0,0],"4":[0,0,0,1,0,0],"5":[0,0,0,0,1,0],"6":[0,0,0,0,0,1]}}},"isNormalized":true}